title,story,published,user_id
Tempora laborum quibusdam quae.,Cumque excepturi repellat enim nisi qui ut fuga voluptates dicta rem sit ullam aut dolor aut modi porro repellendus doloremque.,1476299685,13
Illo labore dolor aut.,Dolorem aspernatur ipsa molestiae ad accusamus rerum et deserunt quaerat modi labore et earum quidem quas enim saepe tempore qui.,1455022428,31
Qui qui asperiores odio.,Corporis ut est amet incidunt nulla possimus ut et minima aut esse est deleniti exercitationem consequatur qui non sint mollitia.,1616885074,45
Debitis pariatur dolorem molestiae.,Atque consequuntur suscipit veritatis id repellat minus ut eligendi et sint minima quia qui nihil sunt ipsum nihil excepturi velit.,1469113504,25
Quibusdam pariatur id architecto.,Aliquid recusandae voluptatem nihil consectetur distinctio id hic nemo est dignissimos quos reprehenderit voluptas quia fugiat cumque iusto sunt tempora.,1449149703,33
Assumenda nulla libero tenetur.,Commodi unde quo et corporis adipisci qui ad itaque quia dolor nostrum neque placeat et dolor aspernatur et eaque rem.,1447768338,49
Voluptatum culpa ullam laudantium.,Iure illum numquam autem vitae ut quis ea consequatur velit ipsam natus in placeat deserunt eos corrupti ipsa occaecati ad.,1327601756,2
Ullam et assumenda nesciunt.,Veritatis laborum nihil sed commodi perferendis a dolores consequatur non sit eius atque magni nostrum eligendi at iusto ut ratione.,1437557202,11
In esse reprehenderit et.,Ipsum dolores tenetur recusandae praesentium aliquid odio minima excepturi sit delectus rerum animi autem ad consectetur sed ut similique est.,1381357041,36
Ut neque impedit amet.,Nihil exercitationem perferendis ut sed nobis nulla hic dolores fugiat ut iste omnis non quod assumenda ut quia quos et.,1630054323,34
Nesciunt autem et sit.,Voluptatem iusto est dolorum quam vitae amet voluptate consectetur hic dolorem voluptatem dolor ut facere dicta animi accusamus voluptatum ab.,1566698751,19
Pariatur deserunt officiis qui.,Soluta aspernatur ipsum doloribus natus illum repudiandae aut excepturi amet dicta dolorem enim neque saepe ut eaque mollitia sunt dignissimos.,1350625945,41
Porro expedita quo deleniti.,Et et possimus autem asperiores corporis qui dolor omnis tenetur eum non sit beatae praesentium omnis accusantium qui inventore recusandae.,1542014509,2
Voluptate aspernatur voluptatem error.,Quo minus et voluptatem omnis eligendi inventore optio voluptatibus id iure et saepe quia quos pariatur quo et fugiat molestias.,1449678675,36
Qui cum ducimus quos.,Consequatur labore fugit ea est recusandae qui omnis quod nisi cupiditate et voluptas eos accusantium reprehenderit asperiores laborum et est.,1423954095,43
Ipsa labore qui exercitationem.,Omnis autem quidem tenetur vel cum libero quos enim itaque eius sint at nulla consectetur earum sint dolor quod explicabo.,1522350958,37
Voluptatibus id et voluptatem.,Facere sunt sed recusandae accusantium consectetur fugit molestiae laborum error occaecati voluptas cupiditate nisi facilis et dolor fugiat quis soluta.,1610564026,2
Tenetur illum suscipit et.,Ratione atque consequatur recusandae quasi quas consequuntur numquam iusto nobis autem omnis et dicta rerum qui animi quis repellendus sapiente.,1530816668,28
Et dignissimos sit dolorum.,Et consequatur animi in minima veritatis nam exercitationem et ea doloremque fugiat distinctio qui quas id labore voluptatum molestias quidem.,1418889877,16
Perspiciatis enim quas vitae.,Dolorem consequuntur accusamus et quam voluptatum molestiae ab aliquid mollitia architecto iure ad pariatur laborum alias autem ut quaerat qui.,1327278546,29
Eius explicabo ex est.,Eos repellat et rerum aut tempore itaque quia est aut cupiditate incidunt sequi eius magnam inventore cumque totam illo fugit.,1608970472,4
Quo possimus placeat ipsam.,Dolorem totam dolore assumenda similique ut laborum in eligendi corporis aut eveniet exercitationem est aspernatur culpa nihil error unde non.,1512784920,24
Eum impedit praesentium laudantium.,Et velit itaque accusamus placeat non hic omnis illo cumque dolores sit veniam vitae quidem eaque odio iste ipsum omnis.,1594968762,9
Sed nisi velit accusantium.,Iste delectus quia quidem officiis doloremque modi omnis laboriosam quos corporis dolor ex et eos vitae inventore quaerat odit itaque.,1603288625,21
Mollitia vel animi corrupti.,Sed ut voluptatibus perferendis voluptatem provident qui ex placeat totam quis facilis earum ipsa odio quia sunt repudiandae sint iure.,1527726066,26
Iusto beatae quod voluptates.,Quisquam ratione nostrum minus consequuntur laudantium amet aut omnis hic eos ipsum consequatur molestias harum aliquam optio quam eaque unde.,1620523764,49
Voluptatem et accusantium omnis.,Reprehenderit eos eum praesentium dolorum officiis eos fugit sunt blanditiis dolor vitae quia consequatur quis fuga nam sequi accusantium beatae.,1511210418,19
Ut est eligendi qui.,Eum est aut accusantium rerum voluptas sequi ipsa quaerat tempora non ex neque voluptatem eligendi omnis accusamus ipsum rerum deserunt.,1440719654,32
Perferendis et culpa omnis.,At ea enim officia neque eos nesciunt nihil numquam doloremque nobis illo tempora labore quis modi ipsa culpa aut totam.,1377487685,47
Omnis facere quaerat rerum.,Et est tempora velit ipsam facere modi et est tempore harum quaerat ut adipisci rem et debitis eum aut id.,1461927862,49
Qui sit sint architecto.,Deserunt quidem nisi autem quia voluptas ea itaque recusandae eos nemo et voluptatibus est explicabo vel excepturi consequuntur amet aut.,1409634325,48
Et cupiditate dignissimos qui.,Illum labore rerum fuga odit eveniet eum eum corporis atque deleniti omnis ipsa occaecati aut perferendis dolorum asperiores distinctio et.,1454892001,21
Autem voluptate sed impedit.,Voluptatum in quas architecto quo dolores natus porro hic fugit inventore consequatur fugiat deleniti error vero ut eligendi eos nemo.,1344576472,33
Odit et repellendus repellat.,Est aut culpa voluptatum a et non maiores et atque odio reiciendis cumque dolorum voluptas ducimus vel eligendi veritatis magni.,1377323277,45
Accusantium in fugiat sit.,Ut at est dolore quidem natus quia aut fugit ullam tempora non quam quo alias voluptatem et nemo quia ad.,1564793980,38
Sit nostrum eum et.,Debitis odit amet asperiores perspiciatis ratione mollitia maxime saepe rerum rem vero aliquid qui reprehenderit minima accusantium facere quis ut.,1586738175,6
Earum omnis nemo voluptates.,Dignissimos dolores velit omnis esse ipsa harum placeat repellat dolorum ut accusantium eius amet qui autem laborum ab odit sequi.,1471587267,43
Voluptas nam numquam aperiam.,Dolorem nihil sequi ducimus eum molestiae nisi odio quibusdam dolores dolore reprehenderit ratione hic iusto vel et qui quia molestiae.,1614058989,43
Est rerum non impedit.,Temporibus vitae recusandae consequatur dicta odit et omnis reiciendis esse voluptates eum rem provident laboriosam impedit libero ut aut dolorum.,1465038110,21
Et officia voluptatem sapiente.,Tempora ducimus id ut fugiat quo excepturi deleniti aut maxime aspernatur et numquam ipsa tempore explicabo impedit non animi expedita.,1316244506,5
Ea velit quae et.,Illo iste dolore corrupti nobis fugiat et iure itaque autem earum tenetur dolor tempora est cum sed aut ea unde.,1317079945,40
Amet quis deleniti enim.,Quisquam sunt beatae officia omnis et iusto sed et nam id aut provident repellat ut aut soluta aliquam modi dignissimos.,1388913022,11
Esse est dolorum quasi.,Nemo nam suscipit omnis magni deleniti incidunt quisquam rerum et ut commodi quia facere nobis eveniet et ducimus totam ad.,1336116883,29
Omnis ex sit tenetur.,Sunt soluta est et aut atque animi qui recusandae itaque provident molestiae magni iure velit ut velit consequuntur ex numquam.,1409642176,13
Adipisci omnis aliquam dolorum.,Et sit est dolores explicabo omnis corrupti ut beatae dicta quia possimus qui aut sed eum inventore voluptas eos voluptatibus.,1366214728,27
Adipisci est veniam consequatur.,Ex qui autem qui consequatur ea incidunt vero iure dolore sed iusto adipisci distinctio vel dolorum facilis libero alias earum.,1362837190,27
Quam corrupti tenetur perspiciatis.,Qui architecto quo accusamus et nulla libero doloribus quia ullam beatae corporis adipisci id reiciendis necessitatibus sed quam natus distinctio.,1444538432,40
Ratione ipsum dicta aperiam.,Dignissimos ea voluptas ea quod magnam beatae et voluptatum ab sunt ut velit aut quae ut sed facilis ducimus facere.,1331832196,27
Error dolorum fugit tempora.,Amet nam reiciendis aut porro deleniti dolore eaque id quia aspernatur qui voluptates quia sint velit tenetur cum vitae maxime.,1502551649,9
Architecto ex laboriosam non.,Deserunt ut vel et quisquam nemo quia ipsa ut aperiam ad autem repellendus officiis debitis dicta sapiente et assumenda ratione.,1459478039,37
Ut provident magnam est.,Repudiandae alias sed veniam architecto quibusdam eaque placeat sunt unde cum dolores odio est et modi ea velit magnam ut.,1342460575,23
